dates,opens,highs,lows,closes,vols,results
20210210,125500,127000,124500,126000,4262526,0
20210209,127500,130000,125000,125500,5177095,1
20210208,127500,128000,125000,125000,2876471,0
20210205,126500,128000,124500,127500,3497303,0
20210204,127500,128500,124000,125000,4600618,1
20210203,131000,131500,128500,130000,3693688,1
20210202,128500,132500,127000,130000,4880067,1
20210201,121000,126000,118000,125000,5620305,0
20210129,128500,128500,121500,122500,7391307,1
20210128,124000,125500,121500,123000,6270829,0
20210127,129500,132000,127500,128500,5068456,1
20210126,134000,134000,128500,129000,6270106,1
20210125,130000,135000,129500,135000,5061864,1
20210122,131500,132000,128500,128500,3927767,0
20210121,131500,133000,130000,131500,3067677,1
20210120,134000,135000,130000,130500,4913282,1
20210119,131000,132000,128500,130500,4513315,0
20210118,126000,131000,125000,130000,5927419,0
20210115,133000,135000,127000,127500,4838114,1
20210114,132500,133000,129000,130500,5380278,0
20210113,129000,133500,128500,133000,6791044,1
20210112,132000,133500,125500,129000,8700877,0
20210111,138000,140000,131000,133000,11154671,1
20210108,136000,138000,132500,138000,8713010,0
20210107,132500,137500,131500,134500,5981299,0
20210106,132500,137000,130000,131000,8525749,0
20210105,124500,132500,124000,130500,7180224,0
20210104,124500,128000,120500,126000,7995016,0
20201230,116000,118500,114500,118500,4195192,0
20201229,118000,118500,114000,116000,4208916,0
20201228,119000,119500,115000,115500,4825132,1
20201224,116000,118500,115500,118000,3486636,0
20201223,113000,116000,112500,116000,3173156,0
20201222,115000,115500,112500,112500,4270842,0
20201221,118000,118000,114500,116000,3585805,1
20201218,118500,119000,117500,118500,3010798,1
20201217,118500,119500,117000,119500,3649945,1
20201216,119000,119500,117000,117500,2213552,0
20201215,118500,118500,115000,117500,2755902,0
20201214,116000,119000,115500,117000,3066761,1
20201211,118000,118000,115000,115500,3944552,0
20201210,117000,118500,115500,116500,8205744,1
20201209,116000,121000,115000,120500,5490760,1
20201208,118000,118000,114000,115000,4536460,0
20201207,118500,120000,116000,118000,5191354,1
20201204,116000,119500,112500,115000,8258814,0
20201203,110500,114500,109000,111500,6617912,0
20201202,103000,109500,103000,109000,7488361,0
20201201,98600,101500,97800,100500,4455519,0
20201130,99700,99800,97300,97500,3877841,0
20201127,99600,99900,98200,98800,1976047,1
20201126,96800,99500,96300,99400,2933290,0
20201125,100500,100500,96300,97200,4081524,1
20201124,101000,102000,98300,98600,3766043,1
20201123,97300,101000,96600,100000,4149013,0
20201120,99000,99000,96800,96800,2424003,0
20201119,96200,98300,96000,98200,2766688,0
20201118,99800,100500,96600,98000,3734037,1
20201117,97400,99600,96500,98100,5218295,0
20201116,92100,98100,91100,98000,9274278,0
20201113,88100,90000,87500,89700,3774278,0
20201112,87600,88400,87000,88100,4006433,0
20201111,86100,87200,85900,87000,2638617,0
20201110,86900,87200,85900,86500,2849783,0
20201109,86500,87300,85600,86000,2444330,1
20201106,86500,87700,86000,86300,2863808,1
20201105,84100,86200,83300,86100,4082325,0
20201104,82100,84400,81200,83200,3782296,0
20201103,79600,81400,79600,81400,2057723,0
20201102,80200,80600,79200,79600,2000394,0
20201030,81600,82100,79900,79900,2710477,1
20201029,81900,82400,81000,81700,2637314,1
20201028,82100,83600,82000,82900,1773556,1
20201027,82300,83400,81800,82600,2265817,0
20201026,84300,84700,83000,83200,1662847,1
20201023,82800,84700,82300,83900,2609595,0
20201022,84200,84300,82500,83300,2593975,0
20201021,85300,86200,82800,83800,4925877,1
20201020,85300,90900,83700,85200,6622637,1
20201019,86100,87900,85800,86700,3150011,0
20201016,87000,87900,84900,85300,2435541,0
20201015,86100,87300,85900,87100,2802900,0
20201014,88000,88900,86100,86500,3223767,1
20201013,85500,89000,84600,88200,6375448,1
20201012,83900,85500,83500,85500,4464264,0
20201008,84300,84500,82900,82900,3330824,0
20201007,82900,83700,82500,83400,2254356,0
20201006,84000,84200,82600,83000,2750145,1
20201005,83000,84100,82300,83200,3396894,0
20200929,83100,84900,82200,84000,4707898,1
20200928,83400,83700,81300,82500,3154068,0
20200925,85800,85900,82200,82900,3205596,1
20200924,82800,85400,82300,84300,6401560,0
20200923,82300,84800,80500,83600,4439085,0
20200922,84400,84800,80200,81300,4139983,0
20200921,83700,85000,83600,84500,4102947,1
20200918,82900,83900,82200,83700,5199334,0
20200917,81900,82900,81200,82200,4055050,0
20200916,81700,82400,80500,81500,3119110,0
20200915,81300,82100,80200,81900,5899410,0
20200914,79100,80100,78900,80000,4099644,0
20200911,76700,78500,76300,78400,2831262,0
20200910,78000,78200,76600,76600,3541520,0
20200909,77900,78400,77200,77300,3918435,1
20200908,78700,80000,78200,79400,3380355,1
20200907,78600,79500,77600,78400,2786930,0
20200904,76400,79400,76100,78700,4582566,0
20200903,77700,79700,77200,78700,7002529,1
20200902,75900,76400,74900,75500,2369360,0
20200901,75200,76500,75200,75200,2538676,1
20200831,78200,78800,75100,75100,5113128,1
20200828,79500,79600,77700,77800,2511956,1
20200827,80200,80200,78800,79100,4223450,1
20200826,78000,79100,77100,78800,4741965,0
20200825,76300,77700,75400,77000,3473488,0
20200824,74600,77200,73700,75500,4298619,0
20200821,72800,77000,72500,74500,7700029,0
20200820,74400,74400,71300,71800,7260223,0
20200819,77300,78000,75000,75000,8028305,1
20200818,80000,80200,78000,78100,4946279,1
20200814,80200,81100,80100,80200,2589552,1
20200813,81900,82000,80300,80700,4049387,1
20200812,81100,81300,80200,81000,3595828,0
20200811,81700,82000,81000,81300,3234013,1
20200810,80100,81900,79800,81400,3277238,0
20200807,81200,81300,80000,80600,4946631,0
20200806,80700,81900,80700,81100,3391939,1
20200805,81200,81300,80500,80700,4537005,0
20200804,81800,82500,81400,81600,3005937,1
20200803,82400,82600,81500,81800,3483106,1
20200731,85700,86000,82800,82800,4848989,1
20200730,83300,86400,83000,85300,6870841,1
20200729,82900,83800,82600,83200,3719681,0
20200728,83900,83900,82700,83100,4538720,1
20200727,83100,84000,82800,82800,2784652,1
20200724,82300,83700,82200,83700,3667416,0
20200723,84000,84000,82300,82400,3591647,1
20200722,84100,84200,82900,83200,2876295,1
20200721,83400,84700,83000,84100,4181015,1
20200720,82800,83000,82100,82200,2008624,0
20200717,82700,83500,82600,82900,1579078,1
20200716,83000,83100,82300,82700,2312310,0
20200715,83100,83900,82900,83000,3024429,1
20200714,82600,82900,82000,82900,2048671,0
20200713,83100,83500,82500,83000,2080934,1
20200710,83300,83500,82400,82800,2201557,0
20200709,84200,84600,83000,83000,4002365,1
20200708,83800,84900,83600,83700,3523620,1
20200707,87300,87300,84600,84800,3196352,1
20200706,86000,87000,85800,86000,2561766,0
20200703,85000,85600,84500,85400,2195897,0
20200702,84800,85200,84000,84400,3295340,0
20200701,86800,87300,84900,85300,2382552,1
20200630,86200,87300,85000,85100,4983607,0
20200629,84000,85300,83500,83600,2932433,0
20200626,86000,86100,84500,84600,2889494,1
20200625,84300,85600,84000,84300,3397112,0
20200624,84200,87400,84000,86000,4079834,1
20200623,85600,86200,83900,84100,2955819,0
20200622,84400,85900,84300,84900,2167216,0
20200619,86500,87000,84500,85400,3216102,1
20200618,86100,86800,85400,86200,2484147,0
20200617,84800,87400,83500,86800,4160612,1
20200616,83400,85700,83300,85400,3518785,0
20200615,84100,86500,82000,82000,4710114,1
20200612,84500,85800,84500,85200,4742329,0
20200611,89300,90300,87500,88500,5467344,1
20200610,89800,91100,89400,90800,3045250,1
20200609,91000,92000,89100,89800,3410081,1
20200608,93000,93000,90600,91000,3789382,1
20200605,88500,90800,87700,90400,4000557,0
20200604,90000,91600,87100,87700,6678244,1
20200603,83400,89200,83400,88700,11642239,0
20200602,82700,83600,82700,83300,3114162,0
20200601,82100,83700,82100,83600,4205357,1
20200529,82600,82700,81300,81500,6815185,0
20200528,84100,85400,82400,83900,9227823,1
20200527,81100,82700,81000,81400,2946278,0
20200526,80600,82100,80600,81900,3040122,0
20200525,81500,81800,80500,81400,2850294,0
20200522,83100,83300,81000,81300,3471700,1
20200521,84900,84900,83200,83400,2678953,1
20200520,81900,84200,81800,84100,3924403,0
20200519,82400,83200,81700,82700,4620614,0
20200518,80400,81800,79200,81100,5294177,0
20200515,81500,82300,80700,81900,4168866,1
20200514,82200,82500,80600,80600,6409652,1
20200513,83500,84100,83000,83600,5371416,1
20200512,84500,86500,83200,85700,3574409,1
20200511,84500,85200,84100,84500,2800047,0
20200508,83000,85500,83000,85000,5039635,1
20200507,82400,83400,81800,82400,2660512,0
20200506,82000,82500,80900,82400,3351424,0
20200504,82900,82900,80800,81000,5280026,1
20200429,83500,84800,82900,83700,3750568,1
20200428,82500,83900,82400,83400,3205535,0
20200427,81700,83200,81200,82600,3235430,0
20200424,82000,82500,80800,81400,3193144,0
20200423,85200,85200,82000,82600,6519481,1
20200422,80600,83900,80000,83900,5335787,0
20200421,80600,82200,80200,81300,5090721,0
20200420,83900,83900,82000,82000,5027876,1
20200417,83600,85900,83200,84100,6205624,1
20200416,80600,82300,80600,81300,4470072,0
20200414,82200,83700,81200,82300,3344109,1
20200413,83200,83400,81100,81400,3615318,0
20200410,84000,84400,83000,84100,3675338,1
20200409,86200,86500,84500,85000,3555538,1
20200408,85800,86500,84500,84500,3749575,0
20200407,86600,86700,83700,85800,6188649,1
20200406,81000,83300,80200,83100,5784159,0
20200403,80000,80800,78500,79600,3755301,0
20200402,78800,80000,76500,80000,5394371,0
20200401,82100,83200,78400,78400,6845675,1
20200331,84000,85500,82000,83300,5333479,1
20200330,81000,84900,80000,83700,5270037,0
20200327,85700,85700,80500,83300,8085695,1
20200326,85000,87900,80400,80700,7895289,1
20200325,82000,84700,79800,84500,8787217,0
20200324,73000,78800,72100,78700,7247345,0
20200323,69700,71600,68000,69400,8192363,0
20200320,71800,76200,70100,74800,8750101,1
20200319,75500,75800,65800,69000,11140367,0
20200318,81600,82500,73000,73100,7949482,1
20200317,77500,83100,77000,80400,7107436,1
20200316,83700,84800,80400,80600,5097762,1
20200313,76900,84700,76000,82500,8160758,0
20200312,83800,84600,79600,82800,8191818,0
20200311,88200,88500,85100,85500,5226251,1
20200310,86900,89400,86600,89100,6579153,1
20200309,89500,89700,86400,86900,6196552,1
20200306,93300,94300,92000,92600,3281612,1
20200305,95200,95900,93800,94900,4028776,1
20200304,91300,95000,91300,94300,4984561,0
20200303,95000,95100,92400,92800,5573006,1
20200302,90000,93100,88300,92100,6382279,0
20200228,91000,92200,87700,87900,8171939,0
20200227,94700,95300,92200,92800,4644449,1
20200226,95500,96100,94400,94600,6405409,1
20200225,97800,99100,96400,98000,6594059,1
20200224,100500,100500,98900,99500,5550758,1
20200221,101500,103500,101000,103000,4064719,1
20200220,104500,106000,102500,104000,3093782,1
20200219,102500,103500,101000,103500,2315634,0
20200218,104000,104500,101500,102000,2789667,1
20200217,104500,106000,103500,105000,1190162,1
20200214,101500,105000,101000,104500,1893163,0
20200213,101000,103500,100500,102000,3519491,0
20200212,100500,101000,99100,100000,2616573,0
20200211,99900,100500,99000,99800,1820578,0
20200210,98000,99200,97400,98800,1825648,0
20200207,100000,100500,98400,99300,1827393,1
20200206,98900,101000,98300,100500,2861441,1
20200205,99300,99300,96900,97700,2911995,0
20200204,94800,97500,94500,97100,3169743,0
20200203,91800,95600,91500,94700,3725535,0
20200131,94500,97500,93500,93500,4597139,1
20200130,97800,97800,93800,94000,3223436,1
20200129,96900,99000,96700,97900,2741459,1
20200128,95500,96900,95000,96300,3630362,0
20200123,101000,101000,98200,98700,2780104,1
20200122,99000,101000,99000,101000,2257478,0
20200121,100500,100500,99000,99300,1483291,0
20200120,100000,101000,99600,99900,1781639,1
20200117,100500,101500,98800,99000,2246394,1
20200116,97400,99400,97400,99200,2824804,0
20200115,99900,99900,98000,98200,2745625,1
20200114,101500,103500,99900,100500,2913343,1
20200113,99000,101000,98000,100500,2242008,0
20200110,99100,99700,97900,98900,2867925,0
20200109,98900,99000,97400,99000,3586413,0
20200108,96400,99500,95200,97400,7014748,1
20200107,94500,95400,94000,94000,2489429,0
20200106,93000,95300,92800,94300,2577573,0
20200103,96500,97900,94300,94500,3021380,1
20200102,96000,96200,94100,94700,2342070,0
20191230,95600,96300,94100,94100,1862634,1
20191227,94800,97000,94200,96000,2229470,1
20191226,94000,95100,93500,94800,1559839,0
20191224,95000,95600,93800,93800,1464093,1
20191223,95800,96200,94100,94600,1720279,1
20191220,94100,95100,93700,95000,2791176,0
20191219,95400,96400,93400,93600,4938375,1
20191218,93400,94500,91800,93000,3434310,0
20191217,91000,93800,90200,92800,5070618,0
20191216,87200,89400,87000,88600,2652685,0
20191213,87200,88200,85800,87900,5831965,0
20191212,82000,83500,82000,83400,5247299,0
20191211,80700,81000,80100,80600,2009331,0
20191210,79800,80900,79400,80700,1831960,0
20191209,81300,81800,80700,80700,2290088,1
20191206,79300,80800,79100,80600,3054204,0
20191205,79800,79900,78000,78800,3667358,0
20191204,78000,78100,76800,77700,6164549,0
20191203,78100,79300,77300,78700,11657151,1
20191202,80900,81800,80500,80500,1945991,1
20191129,82500,82800,80700,80900,2139440,1
20191128,83100,83800,82500,82800,1413983,1
20191127,82400,83200,82000,82700,1326621,0
20191126,82000,84100,82000,82300,4521090,1
20191125,82300,83300,81500,81700,2602474,0
20191122,80900,82100,80700,81700,2089767,0
20191121,81700,82500,80500,80900,3346746,1
20191120,84400,85200,82600,82700,3315169,1
20191119,85400,86000,84600,85300,2260299,1
20191118,86000,86500,84700,85500,1827506,1
20191115,84200,85200,83400,85200,2394138,0
20191114,83200,83800,82900,83400,1517137,0
20191113,83300,83600,82300,83400,1370289,0
20191112,81900,83200,81300,83200,1555211,0
20191111,82500,82500,80700,81300,2174477,0
20191108,84600,84600,82000,82300,2074339,1
20191107,83700,84300,82800,83600,1594558,0
20191106,84800,85200,83500,83500,2127745,1
20191105,85100,85400,84600,85100,1953720,1
20191104,84000,84900,83800,84700,2182879,0
20191101,82300,83200,81600,83100,1848046,0
20191031,81900,83400,81600,82000,1978755,1
20191030,83400,83400,81000,81500,1927042,0
20191029,84000,84000,82900,83000,1645070,1
20191028,83400,84000,82600,82900,1977758,0
20191025,82400,82900,81500,82900,4229200,0
20191024,79900,80100,78700,80000,3076100,0
20191023,78500,78600,77700,77700,5373911,0
20191022,78900,79300,78200,79100,3453958,1
20191021,77800,78400,77100,77500,2096581,0
20191018,81500,81700,77300,77400,13625664,1
20191017,82000,82200,80600,81000,1713942,1
20191016,82400,82700,81900,82400,2436269,1
20191015,80700,81700,80500,81200,1518810,0
20191014,82000,82300,80400,80500,1972409,1
20191011,79800,80500,79400,80000,2186536,0
20191010,78900,79600,78100,79000,4389324,0
20191008,80400,81100,79400,80900,1816880,1
20191007,80700,81700,79800,80300,1229105,1
20191004,78900,81300,78900,80300,2430603,0
20191002,81600,81600,79500,79500,2188097,1
20191001,81800,82500,81700,82000,2370210,1
20190930,80600,82900,80400,82200,2442478,1
20190927,80200,81500,80100,81400,2625620,0
20190926,83000,83500,82500,83300,1734941,1
20190925,82200,82800,81500,81900,1644881,0
20190924,82500,83500,81400,83400,1662830,1
20190923,81900,83300,81900,82800,1413663,0
20190920,82800,83400,82100,82200,2447172,1
20190919,80600,82700,80300,82700,3612220,0
20190918,80100,80600,79500,80200,2706678,0
20190917,80000,80400,79100,79400,2538780,0
20190916,81000,81000,79000,79500,5174391,1
20190911,83400,84300,81300,82600,3650902,1
20190910,84200,84200,82700,83100,1761883,0
20190909,83100,84600,82500,84300,2642174,1
20190906,84000,84000,81500,81900,2418057,0
20190905,81400,83000,81200,83000,4068631,0
20190904,77400,80000,77300,80000,2723541,0
20190903,77200,77600,76300,77000,1611563,0
20190902,77000,78200,76500,77600,1431352,1
20190830,74600,78000,74600,77400,3839246,0
20190829,73500,74100,72000,73300,2050860,0
20190828,73500,73700,72500,73300,1380522,0
20190827,72500,73700,72500,73000,2512610,0
20190826,72600,73000,71500,71800,2645491,0
20190823,73500,75200,73400,74400,1695532,1
20190822,75300,76000,73800,73800,2309550,1
20190821,75900,76900,75500,75800,1898789,1
20190820,75500,76600,75100,76400,1694275,0
20190819,77300,77500,74800,75100,1591728,1
20190816,75800,76400,75100,76400,2015785,0
20190814,77200,77900,76200,76900,2561643,1
20190813,74000,75100,73700,74500,1304708,0
20190812,73700,75000,73500,74500,1254926,0
20190809,73200,74100,72300,73300,2100380,0
20190808,73600,74500,72000,72300,2943206,1
20190807,72000,74300,72000,73300,2692841,0
20190806,73100,73900,71900,72000,5008247,0
20190805,75500,76000,74900,75400,2889902,1
20190802,75400,76800,74900,76100,4845952,1
20190801,75300,78700,75300,77700,3397831,1
20190731,78000,79100,75300,76900,3712241,1
20190730,78200,80000,77700,78900,2371300,1
20190729,79000,79400,76500,77000,2616782,0
20190726,78100,80300,78000,79800,3095260,1
20190725,79700,80400,77700,79200,3963383,1
20190724,78800,80200,77100,77600,3562342,0
20190723,79700,80700,78200,78800,4814941,1
20190722,77800,79200,77000,78400,3213786,0
20190719,75900,77000,75600,76800,2635348,0
20190718,74300,75200,73900,74700,1902110,0
20190717,74600,75200,74000,74600,2805672,0
20190716,74800,76500,74800,76100,2450278,1
20190715,74500,76500,74400,76200,2122090,0
20190712,75600,75800,74400,74700,2638271,0
20190711,74000,75500,74000,75500,5111929,0
20190710,71500,73400,71000,72900,4346179,0
20190709,68400,70500,67900,69800,2912514,0
20190708,66400,68000,66200,67400,2202260,0
20190705,70300,71000,68400,68400,2043271,1
20190704,69600,70700,69300,70200,1503707,0
20190703,71100,71700,69000,69100,2790684,1
20190702,69700,71700,69100,71400,2495399,0
20190701,71000,71000,69700,70000,3538183,0
20190628,70900,70900,68400,69500,3117569,0
20190627,70100,71600,69700,70200,5361201,1
20190626,68300,69600,67900,68900,5024201,0
20190625,66700,67400,66300,66700,1873766,0
20190624,65900,67400,65600,66900,2164462,0
20190621,67100,67300,65900,65900,2403002,0
20190620,67200,67400,66200,67300,2773637,1
20190619,65800,67300,65200,67200,6230370,0
20190618,63800,64200,63300,63400,1549497,0
20190617,62800,63800,62400,63700,2435039,0
20190614,63200,64000,62600,63100,3686472,1
20190613,64900,65100,63300,63500,5947811,1
20190612,66800,67100,65700,65700,2437640,1
20190611,66900,67800,66700,67200,2429182,1
20190610,66100,67000,65800,66800,3091757,0
20190607,65200,66000,64600,65400,2355869,0
20190605,66900,67600,64900,65100,4832796,1
20190604,66500,66700,65100,65100,2892681,0
20190603,65200,67200,64200,66600,4020572,1
20190531,65900,66900,64700,65300,3191350,0
20190530,66300,66900,65800,65900,3023108,0
20190529,65600,66700,64900,66100,6056903,0
20190528,67200,68300,65900,65900,12052399,1
20190527,67900,68200,66400,66900,2214176,0
20190524,67300,68600,67000,67600,3339145,1
20190523,68400,69100,67300,68000,3108370,1
20190522,71300,71300,68500,68900,3128787,1
20190521,70500,72200,69700,70300,3893536,1
20190520,71800,72800,70700,70900,1970694,1
20190517,72500,73300,71400,71600,2412668,1
20190516,74400,75100,71600,71900,3467027,1
20190515,74800,75100,73900,74500,2056131,0
20190514,72200,75100,71600,74600,3712697,0
20190513,73900,75000,72800,73500,3062929,0
20190510,76100,76700,73400,74400,5702537,1
20190509,79600,79700,75200,76000,5939278,1
20190508,78700,80500,78000,80300,2731620,1
20190507,79200,80400,78700,79900,2700371,0
20190503,81100,81300,80300,80400,2481811,1
20190502,79700,81200,79100,80700,3092434,0
20190430,79400,80700,78100,79000,2960242,0
20190429,78700,80100,78200,80000,2987384,0
20190426,78500,79900,77600,78600,5183181,0
20190425,78400,81500,78100,80200,5586360,1
20190424,81500,81500,77500,78500,5318487,0
20190423,81000,81800,80400,81000,1779318,1
20190422,81500,81800,79900,80500,1887109,0
20190419,80500,82400,80100,81800,3040186,1
20190418,80800,81200,78500,79200,3295697,0
20190417,81000,82300,80000,80200,2886956,1
20190416,79900,80800,79100,80400,2206997,0
20190415,79000,79900,78600,79700,2019931,0
20190412,77400,78800,77400,78100,2317264,0
20190411,79200,79500,78000,78400,2614388,1
20190410,76700,78800,76200,78600,2689591,0
20190409,77700,78700,77400,77800,2322860,0
20190408,78900,79200,77600,77900,2663493,1
20190405,78200,79300,77900,79000,2191720,1
20190404,80400,81400,77800,78400,5436236,1
20190403,76800,79900,76500,79900,4674142,0
20190402,77900,78000,76100,76400,2719440,0
20190401,75600,77100,75500,76600,3579070,0
20190329,72900,74900,72700,74200,3214170,0
20190328,72300,73600,71700,72300,2774932,0
20190327,71800,74100,71200,73400,2744175,1
20190326,72900,73300,71500,72700,2987678,0
20190325,73700,74200,72600,72900,3752230,1
20190322,78900,78900,75900,76100,5286455,1
20190321,73500,76000,72600,75900,10030131,0
20190320,68400,70600,67600,70500,3642962,0
20190319,67300,68000,66600,68000,2285169,0
20190318,69200,69300,67300,67800,2158588,1
20190315,67400,68700,66700,68100,3645592,0
20190314,67400,67400,66400,67300,3107100,0
20190313,67700,67800,65900,66800,2851596,1
20190312,67700,68600,67500,67700,2753535,1
20190311,67000,67800,66200,66600,2869008,0
20190308,67900,68200,66200,66700,3571792,1
20190307,67200,68900,67100,68100,3402570,1
20190306,68500,69600,67400,68100,4958303,1
20190305,68300,70000,68300,69700,3465521,1
20190304,70300,71400,69900,70100,4931703,1
20190228,72500,72600,69900,70000,7869451,1
20190227,75300,75700,73700,73700,2864044,1
20190226,75000,75900,74100,75200,2483512,1
20190225,77300,77600,74800,75400,2865712,1
20190222,75600,76700,75300,76700,1882653,0
20190221,75300,77200,74600,76700,2874589,1
20190220,73700,76000,73600,75700,3134257,0
20190219,74500,74800,73000,73700,1462071,0
20190218,74300,75300,74000,74700,1772434,1
20190215,76800,76900,73800,73800,4154616,1
20190214,75800,77400,75100,77400,2313376,1
20190213,77300,77600,76100,76200,2378193,1
20190212,74100,76400,73900,75900,3526701,0
20190211,73000,74100,72200,74100,3374192,0
20190208,75200,75500,73000,73500,4012485,1
20190207,77500,78200,76600,76700,4249110,1
20190201,75400,76400,74700,75900,3349965,0
20190131,76900,77100,73700,73900,4447535,1
20190130,73500,76300,73000,75900,5304841,0
20190129,71400,73800,71000,73400,3368642,0
20190128,74700,74900,71200,71800,4972189,1
20190125,71600,74800,71100,74600,7163871,0
20190124,66900,70500,66900,70500,6914092,0
20190123,65500,67200,64800,66800,2825017,0
20190122,67900,68000,65700,66600,4047917,1
20190121,65900,67400,65000,67000,3977425,0
20190118,65000,65700,63900,64600,2263599,0
20190117,65500,66200,64600,64900,2830122,1
20190116,63800,64900,62700,64800,2478497,0
20190115,62200,64000,62200,64000,2413868,0
20190114,64300,65100,62000,62100,3282892,1
20190111,65400,65900,64200,65100,2890639,1
20190110,64100,65600,64000,65300,6034432,0
20190109,59600,63800,59400,63600,4928656,0
20190108,57900,60500,57600,59200,3062192,0
20190107,59000,59700,58400,58700,2273750,0
20190104,57500,58500,56700,58300,3388087,0
20190103,60200,60300,57500,57700,3337621,1
20190102,61300,61400,60000,60600,1934295,1
20181228,61700,62300,60500,60500,1647462,1
20181227,61600,61900,60600,61600,3047798,0
20181226,59400,60800,59300,60100,2455060,0
20181224,59600,60700,59200,60400,2101703,0
20181221,58200,60500,58200,60000,3946994,0
20181220,59300,59400,58100,58600,4889709,0
20181219,60800,61000,59700,60300,3561783,1
20181218,61000,61900,60800,61100,3098206,1
20181217,61600,62500,61000,62200,2506287,1
20181214,65200,65300,61200,61800,5617675,1
20181213,66300,66400,64800,65500,4062323,1
20181212,65000,66200,64900,66200,2901875,0
20181211,66000,66600,64800,64900,2457332,1
20181210,65900,65900,64700,65500,2206084,0
20181207,66700,67400,66600,66800,2590733,1
20181206,67800,68200,65700,66000,3902275,1
20181205,67200,68800,67200,68200,3008950,1
20181204,69900,70400,68400,69000,3222060,1
20181203,71000,71100,69800,70500,2760290,1
20181130,71500,71600,68800,69600,4167055,1
20181129,73700,73700,71200,71500,3270078,1
20181128,71000,72000,70700,71900,2441991,0
20181127,71100,71200,69700,70800,2293763,0
20181126,69200,71300,69000,70900,2361766,1
20181123,69500,69700,68400,69300,1499166,0
20181122,68100,69700,68000,69300,1966126,0
20181121,66900,68300,66100,68100,3100596,0
20181120,67000,68200,67000,67500,3325563,0
20181119,69600,70500,68900,69800,2303677,1
20181116,72600,72900,70000,70100,2894513,1
20181115,70800,71800,70400,71800,1564647,0
20181114,71400,72100,70200,70400,2783377,1
20181113,72300,72500,69900,71900,4730929,1
20181112,72200,74500,71800,74500,3328433,1
20181109,72400,73600,71900,72900,3414946,0
20181108,72900,73300,72600,72900,3930969,0
20181107,70400,72300,70100,70800,3770119,0
20181106,70500,70600,69100,70100,2624868,0
20181105,72000,72100,70100,70500,3389386,1
20181102,70600,72800,69100,72600,5334082,1
20181101,68900,69600,67800,68300,3218076,0
20181031,69300,70400,67600,68200,5038931,1
20181030,66000,70900,65900,68200,6101533,1
20181029,66600,67800,64800,66800,4252977,0
20181026,65100,67100,62900,67000,6211406,0
20181025,64700,66000,63200,64700,5859332,0
20181024,69400,69600,65800,66700,5703361,1
20181023,69600,70000,68600,69100,3175869,1
20181022,69600,70900,69600,70000,2377240,1
20181019,68100,70900,67800,70800,2688930,0
20181018,69600,69900,68700,68700,2849229,0
20181017,71400,71700,70300,70400,2653053,1
20181016,70300,71000,69600,69700,2211661,0
20181015,71600,71700,69900,70300,3727297,1
20181012,69200,73200,69200,72400,4882184,1
20181011,67600,70200,67500,69000,4936490,0
20181010,70300,71100,69800,70300,4161114,1
20181008,69500,71800,69400,71200,2856291,1
20181005,69700,71100,69400,70300,5508014,0
20181004,71700,72200,69800,70000,5778810,1
20181002,73600,74000,71600,71700,4089558,1
20181001,74300,74600,73200,73700,2970456,1
20180928,75300,75900,73100,73100,5824873,1
20180927,75900,75900,74700,75000,5841083,0
20180921,77100,77500,76300,76700,5678068,1
20180920,78600,79900,78000,79100,3392490,1
20180919,79400,79700,78400,78800,2912259,0
20180918,76600,78300,76100,78000,2450163,0
20180917,78000,78200,76700,77200,2252063,0
20180914,76100,77800,76000,77700,4124842,0
20180913,74300,75200,73900,74500,5257563,0
20180912,76200,76200,74700,75100,4330147,1
20180911,76400,77800,76300,76600,3197796,1
20180910,75900,77100,75500,76500,4167711,0
20180907,74500,76200,74100,75900,8388278,0
20180906,78300,78900,77400,78800,4516654,1
20180905,80600,81000,79900,80000,2627619,1
20180904,80600,81600,80200,81200,1903734,1
20180903,82200,82800,80500,80600,2618619,1
20180831,81800,83000,81800,83000,2303812,1
20180830,82200,83500,81500,82700,2337573,1
20180829,82500,83300,81600,82800,2330703,0
20180828,84100,84300,81900,82400,4466308,1
20180827,82100,83800,81600,83500,3070598,0
20180824,80400,82200,79600,81800,3612709,0
20180823,80300,81300,79300,81100,3272130,0
20180822,79300,80900,78200,79800,5295710,0
20180821,74800,78700,74400,78400,5663191,0
20180820,74700,75400,74400,74700,2048829,0
20180817,74400,75500,74100,74500,2647963,1
20180816,73500,75400,72500,74700,5550888,0
20180814,75900,76600,75500,75900,3206407,1
20180813,74300,75700,74100,75400,3734794,0
20180810,77200,77600,74600,75100,6785694,1
20180809,80100,80300,77500,78000,5587662,1
20180808,81500,81600,79400,79800,2804784,1
20180807,80100,80800,79700,80700,3288142,0
20180806,82200,82300,79300,79400,5910100,1
20180803,84000,84100,83100,83300,1928574,1
20180802,85000,85600,82900,83200,3373964,1
20180801,85900,86400,85100,85600,2265008,1
20180731,85200,86300,84500,86300,2804543,0
20180730,86200,86400,85100,85900,2301941,1
20180727,83700,86400,83100,86100,4943923,0
20180726,81300,83800,78600,83100,6218102,0
20180725,83400,84000,80200,80500,4154596,1
20180724,82500,83800,81700,83600,4023740,0
20180723,86300,86400,81200,81700,7076375,1
20180720,89700,90000,87200,87900,3726334,1
20180719,90400,91200,90300,90300,2383489,1
20180718,89700,91000,89100,89300,1937496,0
20180717,90100,90200,88500,88600,1570129,0
20180716,88700,89300,87800,89300,1896459,0
20180713,86500,90100,86500,88800,4535954,1
20180712,86800,87000,85400,85600,3032951,0
20180711,86500,87600,85900,86800,2037358,1
20180710,88400,88600,86700,87300,2002682,1
20180709,85300,87600,85300,87600,2127205,0
20180706,86200,86200,83600,85300,3482186,0
20180705,85000,87300,85000,86200,2059342,1
20180704,87800,87800,84400,85000,2744382,1
20180703,85000,86500,84500,86100,2817592,0
20180702,85000,86000,83400,83700,2033542,0
20180629,83500,85700,83400,85700,3003603,0
20180628,83000,84000,82500,83500,3838303,0
20180627,85700,86400,85200,85200,3798356,1
20180626,82500,84800,82400,84300,5518522,0
20180625,88800,88800,84600,84800,4420542,1
20180622,87300,89500,86700,89500,2569978,1
20180621,88900,89300,87500,88500,3274612,0
20180620,85800,88100,85000,87800,4183210,0
20180619,84100,86100,83700,84100,3824878,0
20180618,86800,86900,82300,84000,4723914,1
20180615,87400,87800,86100,87000,2945006,1
20180614,88300,88300,86300,86300,4646948,1
20180612,89900,90100,88200,88400,1876012,1
20180611,88800,90200,88100,89200,2535933,1
20180608,91000,91000,87600,88400,4579508,1
20180607,92700,92700,90600,90900,2754947,1
20180605,89800,91300,89800,91000,2758383,0
20180604,91000,92400,89700,89800,3141036,1
20180601,90800,92200,89600,91400,4790644,0
20180531,94500,94700,92800,93400,5996671,1
20180530,94800,95700,92800,95000,3808299,1
20180529,94600,96100,93500,94800,2733549,1
20180528,94600,95600,93700,94500,2505786,0
20180525,94300,97700,93900,95200,4145819,1
20180524,95300,95900,94600,94600,3220029,0
20180523,91900,95500,91500,95300,10378915,0
20180521,88400,89400,87400,89100,3262983,0
20180518,87200,88000,85400,87900,2187789,0
20180517,88400,88700,86000,86700,2864278,1
20180516,85000,87000,84800,87000,3040180,0
20180515,86000,86000,83900,84600,2239370,0
20180514,86100,86300,84500,85400,1959236,1
20180511,86600,86800,85400,86100,2107047,1
20180510,85400,85800,84500,85800,3274963,0
20180509,84300,84700,83100,83400,2284106,0
20180508,84500,85300,83200,83500,2979605,1
20180504,83500,84100,82600,83000,2696141,0
20180503,83200,83900,82800,82900,2362792,0
20180502,85900,86000,82900,83100,5444240,1
20180430,85400,85700,84000,84500,4653153,0
20180427,88500,88800,86800,87100,4961867,1
20180426,83800,87100,83300,86500,7551747,0
20180425,81600,83000,80900,82400,3845661,0
20180424,83300,83400,80400,82100,6804182,1
20180423,83400,85300,83300,84400,3002461,1
20180420,85900,86300,84000,84400,4590640,1
20180419,85800,88200,85300,87900,5901782,1
20180418,84100,85400,83700,84600,3375376,0
20180417,83900,84000,82300,82800,2501282,0
20180416,84200,84700,83400,84000,1489091,1
20180413,85000,85900,83900,84200,3032369,1
20180412,81900,85100,81500,84000,5725102,0
20180411,82400,82400,81000,81200,3053453,0
20180410,80000,80800,79200,80400,2924054,0
20180409,80000,81200,79300,80600,3231256,1
20180406,80000,80600,79300,80300,5693281,0
20180405,82200,83200,81200,82900,3255356,1
20180404,82500,83000,80000,80400,2964537,0
20180403,80300,81800,78700,81800,3553815,0
20180402,81700,82800,81100,81300,2342407,1
20180330,81200,83300,81100,81300,3681673,1
20180329,80800,81300,79600,80300,3618849,0
20180328,79900,82200,79600,80300,4820673,1
20180327,84700,84800,80100,81400,7184488,1
20180326,82300,84000,81000,84000,6121334,0
20180323,85100,86400,82800,83100,7310739,1
20180322,88800,89300,88000,88600,2698169,1
20180321,89600,90300,88000,88400,2942484,1
20180320,88900,89700,88000,89600,3083666,0
20180319,90200,91500,89500,89900,3743718,1
20180316,88500,89900,87200,89800,5006430,0
20180315,90300,90500,88600,89600,4106667,1
20180314,89300,90900,89200,90700,5939290,1
20180313,88000,90000,87600,90000,8775741,0
20180312,84900,85600,84300,84900,2744795,0
20180309,84400,85900,83100,83300,5159197,1
20180308,83900,84300,81800,83500,4440076,0
20180307,83600,83900,82400,82700,4992841,0
20180306,80100,82500,80000,82400,7588369,0
20180305,77500,78900,77100,78300,3415061,0
20180302,76300,77800,75900,77400,2673152,0
20180228,78600,79200,76600,76800,3102987,1
20180227,78700,79200,78400,78700,3395415,0
20180226,78300,78500,77200,77500,2327486,0
20180223,76100,77600,76000,77300,2404473,0
20180222,76100,77400,75700,75900,1879461,0
20180221,75800,77200,75800,76900,2653870,0
20180220,76400,76500,75200,75500,2507719,0
20180219,78900,79000,76100,76500,3350577,1
20180214,78400,79500,77000,77600,3943628,1
20180213,75900,77800,75800,77700,7814367,0
20180212,73700,74700,73400,74500,3317876,0
20180209,72100,74200,72000,73400,5118112,0
20180208,71900,74200,71600,73900,5586858,0
20180207,73700,73800,70800,71100,6007913,0
20180206,69100,71300,68200,70200,5679965,0
20180205,70200,70900,69800,70200,4058439,0
20180202,74500,74600,71800,72200,4343077,1
20180201,74900,75200,74000,74400,2987816,1
20180131,72200,74500,72200,73500,5800892,0
20180130,74300,74600,73100,73100,5443314,1
20180129,76500,77000,75000,75300,3618328,1
20180126,76400,76400,74200,75500,4296170,0
20180125,73400,76200,72300,75800,8758929,0
20180124,71600,73200,71500,72400,3802939,0
20180123,71800,72200,70900,71300,4671451,0
20180122,72800,72800,70700,71100,5610463,1
20180119,75300,75800,73000,73300,3898397,1
20180118,75800,76800,74600,75200,6199800,1
20180117,74400,75000,73700,74100,3256624,0
20180116,72700,74700,72700,74400,4383229,0
20180115,73700,74100,72500,72700,3541267,0
20180112,73300,74500,72000,74400,5659087,1
20180111,73200,73800,72000,72600,3777867,0
20180110,76700,76700,72500,72900,9123901,1
20180109,78300,78900,76300,76900,3343874,1
20180108,79500,80000,77400,78200,2960495,1
20180105,78400,79400,78300,79300,3395065,0
20180104,78700,79700,77100,77100,3729328,1
20180103,78100,78800,77300,77700,3097644,0
20180102,77300,77300,76200,76600,2014838,0
20171228,75400,76700,75200,76500,2825939,0
20171227,75400,76400,74400,75100,4291492,0
20171226,76600,76900,74000,74000,6253943,1
20171222,76400,77400,76300,76700,3382954,1
20171221,80200,80600,76900,77000,4831110,1
20171220,80900,81600,79900,80100,4375810,1
20171219,78400,80800,78200,80200,6782210,0
20171218,76200,77300,75900,77200,3237589,0
20171215,77100,77400,75600,75700,3374982,1
20171214,77200,77600,76000,76000,5552560,1
20171213,77400,77500,76200,76800,3485920,0
20171212,79000,79000,77100,77800,3746347,1
20171211,79000,79500,78000,78700,2493176,1
20171208,77500,78900,76900,78700,3660716,0
20171207,78300,78300,75600,76000,5166136,0
20171206,78700,79500,77200,77500,3934238,1
20171205,77600,79300,77100,77900,3736568,0
20171204,77600,79200,76800,79100,4115752,0
20171201,77200,78800,77100,77400,4340592,0
20171130,77000,79600,76800,76800,11213748,1
20171129,82900,83000,82100,82400,2418748,1
20171128,82900,83600,81200,82600,4083144,1
20171127,86000,86700,82000,83100,7105679,1
20171124,84500,85400,83900,85100,2073899,0
20171123,86200,86300,84500,84700,2840382,1
20171122,86500,87700,86100,86800,4592670,1
20171121,83200,85000,82800,85000,5540888,0
20171120,83300,83300,81800,82100,2988991,0
20171117,83300,84800,83000,83000,4339090,1
20171116,82300,82800,81200,82500,3053355,0
20171115,83800,84200,81900,82000,3207872,1
20171114,83000,84500,82900,83400,3399976,1
20171113,82000,83100,81800,82300,2955651,0
20171110,81300,82800,81000,82000,2357772,0
20171109,83200,83500,81600,82400,3748489,1
20171108,82100,84400,81800,83200,3396387,1
20171107,82800,83300,82200,82400,2993945,0
20171106,83600,84100,83000,83500,3131468,1
20171103,83400,84500,81900,84400,4050123,1
20171102,85000,85100,83200,83400,4464960,1
20171101,86000,86000,84000,85300,7067296,1
20171031,80000,82700,79200,82200,6620890,0
20171030,79600,81300,79100,79800,5883529,0
20171027,78100,78700,76500,78400,8929263,0
20171026,80000,82000,78500,78700,7528077,1
20171025,82100,82600,80300,81700,3914170,1
20171024,84000,84200,81600,81800,5236092,1
20171023,82600,84700,82100,84700,5388391,1
20171020,79800,82400,79600,81200,6911051,0
20171019,79900,81800,79000,79000,7675978,0
20171018,83200,83300,80000,80900,9070685,1
20171017,85700,86600,83500,83500,6802500,1
20171016,86100,87100,82800,84200,6985619,1
20171013,88500,88500,85600,86100,6101810,1
20171012,89200,89900,88100,88500,4313702,1
20171011,89900,90300,88100,89100,5500820,1
20171010,86300,90000,85300,88700,7956055,0
20170929,83300,84300,82200,82900,3579139,0
20170928,84500,85500,82500,83200,4817018,1
20170927,83100,83800,81400,82400,5029200,0
20170926,84100,85100,81000,82100,11035272,1
20170925,83600,86300,83600,86300,4656285,1
20170922,82900,84300,82000,83100,5970218,0
20170921,81100,83400,80400,83100,6961713,0
20170920,79300,81200,78400,80700,5268665,0
20170919,80100,80500,78500,79200,3934389,0
20170918,78200,80000,77700,79700,3638325,0
20170915,76100,77500,76000,77200,2725277,0
20170914,76300,76800,75700,76800,3366621,0
20170913,75000,77400,74300,75700,5682708,1
20170912,74800,74900,73500,74700,3676865,0
20170911,73600,74200,73200,73800,3321612,0
20170908,72000,72800,71500,72600,2868673,0
20170907,71600,72800,71200,71400,3877849,0
20170906,69900,71900,69700,71700,4476200,0
20170905,68600,70100,67900,69900,4026248,0
20170904,66600,68600,66600,68100,3234465,0
20170901,69000,69200,67700,68700,2304425,1
20170831,68900,69300,68200,68600,2054717,1
20170830,68300,68900,68100,68500,2118742,0
20170829,67300,67900,66400,67600,2967906,0
20170828,68000,68100,67100,67900,1843458,1
20170825,68300,68400,67600,68400,1862764,1
20170824,68200,68700,67500,68100,2333347,1
20170823,69000,69000,67600,68000,3072911,1
20170822,67400,68200,67200,68200,2208365,0
20170821,67300,67800,66600,67200,2570150,0
20170818,64900,67300,64800,67000,3130891,0
20170817,66800,67300,66100,66400,3709768,0
20170816,67200,67300,65800,66100,4714899,0
20170814,63000,65100,62300,65100,5239246,0
20170811,62000,63000,61400,61400,6664578,0
20170810,63700,64600,63200,64400,4474120,1
20170809,65400,65400,64000,64200,4037319,1
20170808,64900,66400,64800,66300,4372768,1
20170807,64000,65000,63700,64100,3518575,0
20170804,65100,66100,63200,64000,5938549,1
20170803,67900,67900,65200,65500,4992104,1
20170802,67900,68200,66600,68000,4161592,1
20170801,65300,66500,64700,65500,3744523,0
20170731,63700,66000,63700,66000,4769724,0
20170728,67800,67900,64200,64600,8093780,1
20170727,66800,69500,66800,68400,6177375,1
20170726,69600,69900,66700,66800,9659618,1
20170725,72900,73000,70100,70400,6028435,1
20170724,71300,73000,71000,73000,3598173,0
20170721,70800,71300,70300,71200,1599111,0
20170720,71400,71700,70800,71300,1647153,1
20170719,71200,71200,70000,71000,2009799,0
20170718,70700,71800,70600,70800,2066194,1
20170717,71800,71900,70200,71200,2804598,1
20170714,71400,72200,70700,71100,2931832,1
20170713,69500,71900,69200,70600,5432312,0
20170712,68700,69500,68400,68900,3462150,0
20170711,67400,69000,66900,69000,3187332,0
20170710,67000,67500,65700,67300,2667048,0
20170707,67600,68400,66100,66600,3242213,1
20170706,69000,69400,67500,68100,4048922,1
20170705,65600,68200,65300,68000,4557456,0
20170704,65900,67100,65300,65800,2895782,0
20170703,66500,66900,65500,66300,3763473,0
20170630,67400,67800,67000,67400,3230282,1
20170629,67900,68800,67100,68500,3702501,1
20170628,68100,69200,66800,67200,5520578,1
20170627,68200,69600,67000,69200,4951341,1
20170626,65000,67500,65000,67500,3516630,0
20170623,64500,65400,63500,65000,3189590,0
20170622,66500,66500,64500,65000,4977159,1
20170621,63300,66300,62900,64800,5650669,0
20170620,64700,65400,63700,64000,6519471,0
20170619,61300,63200,61300,62800,5315543,0
20170616,61100,61600,59900,60500,3932203,0
20170615,59300,61000,59300,60600,4549233,0
20170614,59200,60000,58800,59300,4441904,0
20170613,57700,58900,56900,58800,3431811,0
20170612,57200,57900,56800,57500,2650404,0
20170609,56700,58400,56500,58300,4799560,1
20170608,56500,57000,56200,56700,3943311,0
20170607,55900,56900,55400,56500,3040030,0
20170605,57200,57200,55900,56100,2525078,1
20170602,56900,57500,56400,57100,2481215,1
20170601,56700,56900,56100,56400,2006611,0
20170531,57400,57900,56500,57000,3314659,1
20170530,58200,58400,56600,57400,2368225,1
20170529,57700,58800,57100,57900,3294700,1
20170526,56000,57100,56000,57100,3145737,0
20170525,56400,56400,55400,55800,1996135,0
20170524,55700,56500,55600,55800,2324952,1
20170523,56400,56500,55000,55100,2410542,0
20170522,54900,56000,54800,56000,2544180,0
20170519,55100,55600,54200,54200,2860160,0
20170518,53600,55700,53400,55700,3494997,1
20170517,55400,55700,54400,54700,2485465,0
20170516,56200,56800,55200,55300,2546047,1
20170515,55300,56100,55300,55600,1542366,0
20170512,56400,56400,55100,55300,2303244,1
20170511,56000,56400,54800,56400,3509393,0
20170510,57400,58100,55200,55600,4766870,1
20170508,56000,57000,55700,56900,3818771,0
20170504,55900,55900,55000,55900,2780438,0
20170502,55300,55900,54800,55400,4347745,0
20170428,53600,54700,53400,54000,3573387,0
20170427,53800,53900,52700,53600,2743963,0
20170426,53100,54200,53000,53700,5609007,1
20170425,52800,52800,51300,52400,5312931,0
20170424,52700,53200,52100,52400,3158545,1
20170421,51800,52500,51300,52000,3834454,0
20170420,49750,51700,49700,51400,3573280,0
20170419,50300,50400,49850,49850,1587172,0
20170418,49600,50400,49300,50200,1899560,0
20170417,50200,50300,49100,49200,2002100,0
20170414,49750,50700,49450,49800,2845128,1
20170413,49100,50200,48650,49750,2367158,0
20170412,48800,49200,48550,49000,1694663,0
20170411,48550,49350,48400,48850,2384127,1
20170410,49700,49750,48950,49000,1824895,1
20170407,49450,49800,48700,49800,2645476,1
20170406,50300,50500,49100,49400,2991825,1
20170405,50600,51000,49950,50300,2758658,1
20170404,52100,52200,50800,51000,2192884,1
20170403,50800,51900,50700,51800,2361892,0
20170331,50800,50800,49900,50500,2682196,0
20170330,51100,51500,50200,50900,2204243,1
20170329,51000,52200,50800,51300,4154277,1
20170328,51200,51300,50000,50800,2862493,0
20170327,50000,51100,49950,50700,5607032,0
20170324,50000,50200,49300,49500,5174622,0
20170323,48950,49300,48150,48450,2473925,0
20170322,47000,48800,47000,48650,4157526,0
20170321,47900,48250,47000,47550,3720816,0
20170320,46950,47650,46550,47600,3929405,0
20170317,48400,48400,46600,46750,8098258,1
20170316,49350,49650,48500,49150,3458839,1
20170315,49350,49500,48550,48800,4688787,0
20170314,51800,51900,50300,50300,4024138,1
20170313,49550,51100,49300,51000,4948062,0
20170310,48100,49550,47500,49200,3849912,0
20170309,48200,48850,48000,48000,2957372,0
20170308,48800,49300,47900,48000,3728263,1
20170307,49100,49300,48050,48800,3439908,0
20170306,47600,49400,47550,49350,5045970,1
20170303,47650,48250,46700,47100,3937032,0
20170302,46850,47850,46800,47700,7093071,0
20170228,46600,47600,46200,46700,5588155,0
20170227,46850,47000,45650,46000,7604699,0
20170224,49850,50000,47400,47500,7707747,1
20170223,50000,50400,49050,50200,3374139,1
20170222,51600,51700,50600,50600,2678429,1
20170221,49950,51000,49350,50900,2227708,0
20170220,50900,51000,49600,49900,2265276,0
20170217,50400,51100,50200,50400,4927937,1
20170216,48350,49600,48200,49600,4840918,0
20170215,48300,48700,47550,47900,8725221,0
20170214,51100,51600,48100,48450,8593878,1
20170213,49550,51000,49500,50700,4124290,0
20170210,52000,52200,50000,50000,9120878,1
20170209,53100,53700,52500,52700,6547266,1
20170208,53700,54600,52400,54600,3552260,1
20170207,53800,54500,53100,53300,2405891,0
20170206,54200,54400,53300,53700,1897002,0
20170203,52500,53700,51800,53700,3718619,0
20170202,53500,54000,52700,52800,3486140,1
20170201,54300,54900,53700,54000,2813046,1
20170131,53300,54500,52700,53700,4118790,0
20170126,52500,53500,52400,53300,4517114,0
20170125,52200,52500,51600,51700,2715809,0
20170124,51300,52000,51100,51600,3449130,0
20170123,49950,51000,49900,50800,4148659,0
20170120,49700,50100,49150,49150,1943195,0
20170119,49550,50100,49100,49600,2332268,0
20170118,48950,49400,48300,48850,2974091,0
20170117,49300,50200,49250,49300,2309955,1
20170116,50100,50300,48800,49300,4974924,1
20170113,49850,50700,49850,50300,4219771,1
20170112,51600,51600,50400,50600,5060622,1
20170111,50000,51900,50000,51600,4360058,1
20170110,49850,50200,49200,49750,2561968,0
20170109,48500,49750,48200,49550,3871999,0
20170106,47700,48450,47600,48000,3166843,0
20170105,47000,47500,46850,46950,2377163,0
20170104,47000,47150,46200,46500,2722599,0
20170103,46200,47300,46200,47250,2655477,1
20170102,44750,46000,44600,45800,1547681,0
20161229,45150,45200,44600,44700,1808856,0
20161228,45350,45750,45100,45350,1296254,1
20161227,45550,45950,45400,45650,1175619,1
20161226,46200,46600,45250,45650,1603230,1
20161223,46200,46400,45950,46300,2982024,0
20161222,46000,46650,45150,45500,4045912,1
20161221,45500,45750,45000,45000,1662010,0
20161220,45400,45550,44950,45150,1110753,0
20161219,46250,46300,45050,45150,1997194,1
20161216,45800,46450,45700,46400,2100809,1
20161215,45850,46050,45000,45600,1828843,0
20161214,45350,46100,45350,45850,2010708,1
20161213,44700,45700,44700,44950,1822952,0
20161212,45750,45850,44850,45300,1440589,1
20161209,46450,46750,45450,45500,3003326,1
20161208,46200,46650,46100,46250,3313157,0
20161207,45750,45800,45200,45250,1984369,0
20161206,44700,45500,44600,45200,3099065,0
20161205,44050,44600,43800,44400,1703219,0
20161202,43350,44500,43300,44400,4244113,0
20161201,43000,44400,43000,44200,3491185,0
20161130,42900,43800,42650,42900,4325524,0
20161129,42400,43100,41800,42400,1777480,0
20161128,42400,43250,42100,42600,1513215,1
20161125,43050,43300,42250,42600,1328958,1
20161124,43350,43850,42500,42650,1789745,1
20161123,43000,43900,42550,43050,4047443,1
20161122,41250,42800,41200,42700,3306186,0
20161121,41800,41900,40650,40750,1883627,0
20161118,42300,42400,41700,42000,3331134,1
20161117,41500,41900,41200,41900,2383464,0
20161116,40450,41000,40250,40850,2101878,0
20161115,39700,40400,39500,39700,2030086,0
20161114,40000,40450,39700,39700,1589911,1
20161111,40000,40450,39550,39850,2962651,0
20161110,41000,41050,40500,41000,2520434,1
20161109,41650,41750,38700,39650,5779291,1
20161108,42100,42150,41250,41500,1882987,1
20161107,41800,42050,41200,41500,2033220,0
20161104,41150,41400,40850,41200,2600930,0
20161103,40900,41700,40700,41150,2580396,1
20161102,41250,41400,40450,41000,2822651,0
20161101,41700,42350,41600,42000,3173446,1
20161031,42500,42900,41000,41000,3297943,1
20161028,42700,42950,42100,42450,2251179,1
20161027,42900,43600,42600,43000,4814197,1
20161026,41300,42900,41300,42900,6364037,0
20161025,40350,41650,40200,41050,4469224,0
20161024,41000,41150,39850,40150,2211109,0
20161021,39500,41000,39500,40950,2436212,0
20161020,40250,40300,38850,40050,5423960,0
20161019,41150,41450,39850,40050,5033246,1
20161018,42200,42300,41300,41650,2559222,1
20161017,41750,42300,41400,42300,2314725,0
20161014,41300,41900,41200,41550,2708972,0
20161013,41450,41700,40950,40950,3638071,0
20161012,41000,41900,41000,41250,3521492,1
20161011,41300,42000,41100,41300,2810503,1
20161010,42200,42500,41200,41300,2916252,1
20161007,42700,42700,41900,42200,2637734,1
20161006,43100,43150,42400,42550,2815496,1
20161005,42150,42950,41200,42600,4387312,0
20161004,41500,41800,41000,41800,3639803,0
20160930,39750,40950,39600,40200,3764773,0
20160929,40600,40750,40150,40200,3976705,0
20160928,41300,42000,40950,41200,4189804,1
20160927,39400,41150,39150,41150,4001505,0
20160926,39350,39500,38800,39500,1669862,0
20160923,39550,39650,39050,39350,2095120,1
20160922,39800,39800,39150,39400,3214630,1
20160921,39000,39150,38650,39150,1731450,0
20160920,39200,39450,38750,39250,2594490,1
20160919,38700,39450,38250,39200,5283684,0
20160913,37600,38300,37500,37800,3928646,0
20160912,37500,38300,37000,37000,4885896,0
20160909,38550,39000,38350,38950,2748415,1
20160908,37900,38700,37900,38700,3698781,0
20160907,38200,38800,37900,37900,3786844,1
20160906,37750,38000,37350,38000,2123160,0
20160905,36900,37500,36850,37500,2337575,0
20160902,36100,36700,35950,36650,1828390,0
20160901,36400,36400,35700,36100,1713669,0
20160831,36400,36450,35750,36450,2832970,1
20160830,36800,36950,35550,36300,2766460,1
20160829,35350,36400,35300,36250,2782441,0
20160826,35850,36350,35750,36250,2635343,0
20160825,35100,35750,34900,35700,1568516,0
20160824,35900,35950,35300,35750,1689924,1
20160823,36250,36300,35550,35600,3014421,1
20160822,35500,36050,35250,36000,4149396,0
20160819,34400,35400,34200,35400,4683750,0
20160818,33550,34250,33550,34150,1855081,0
20160817,33750,33900,32900,33550,2083372,0
20160816,34950,34950,33700,33700,2883043,1
20160812,34450,35100,34200,34350,2437735,1
20160811,33700,34800,33450,34800,2980478,0
20160810,34900,35000,33650,33800,3193311,1
20160809,34850,35200,34450,35050,2112078,1
20160808,35150,35250,34400,34950,2157854,1
20160805,34300,34900,33950,34800,2830058,0
20160804,33950,34200,33350,33650,1477680,0
20160803,33300,34400,33000,33550,2698841,1
20160802,34600,34700,33650,33750,2123735,1
20160801,34700,35300,34600,34850,3274413,1
20160729,33550,34400,33450,34400,4660512,0
20160728,33150,33550,33000,33550,3586965,0
20160727,32600,33450,32550,33450,4762165,0
20160726,32400,32400,31100,32050,5028045,0
20160725,32300,32650,32150,32500,2147590,1
20160722,32150,32150,31200,32000,2442893,0
20160721,32400,32800,32100,32150,1879147,1
20160720,32300,32400,31850,32100,1775583,0
20160719,32900,33000,31950,32450,2340759,1
20160718,32900,33100,32500,32750,1515167,1
20160715,33300,33500,32650,32700,2580255,1
20160714,32500,33300,32450,33050,3145494,0
20160713,32700,32950,32450,32650,3779418,0
20160712,32250,32300,31550,32000,2523664,0
20160711,31750,32300,31650,32000,3938161,0
20160708,30700,31250,30550,31050,2424460,0
20160707,30750,31350,30600,30650,2715183,1
20160706,31100,31350,30300,30600,6314347,0
20160705,32650,32650,31850,31850,2577231,1
20160704,32250,32900,32050,32750,3192033,1
20160701,31800,32700,31600,32150,5289586,0
20160630,32000,32550,31700,32400,4571310,0
20160629,31800,32200,31700,31800,3801424,0
20160628,31150,31600,30650,31150,5072467,0
20160627,31350,32050,31050,32050,6146337,1
20160624,32800,33100,30450,31800,16852175,1
20160623,30900,31800,30850,31750,7147499,0
20160622,30200,30950,30000,30950,5122638,0
20160621,30050,30150,29550,29800,2376833,0
20160620,29800,30050,29050,30050,4501015,0
20160617,30000,30000,28750,29000,2891783,0
20160616,30250,30400,29350,29650,3687253,1
20160615,29350,30150,29300,29950,5751526,0
20160614,28150,29300,28150,29050,3490535,0
20160613,28650,28700,28000,28350,2607031,0
20160610,29150,29200,28700,29000,2413698,1
20160609,28700,29400,28650,29000,5336122,1
20160608,29050,29300,28450,28550,3940058,0
20160607,27700,28750,27650,28650,4435065,0
20160603,28150,28450,27400,27600,3680988,0
20160602,28600,29050,28000,28050,3443745,1
20160601,28850,29000,28400,28500,3630711,0
20160531,28650,29000,28200,28700,5414611,0
20160530,28850,29400,28650,29000,5492886,1
20160527,27200,28750,27150,28650,7719656,0
20160526,27150,27200,26850,27000,1938084,0
20160525,27450,27450,26950,27050,2250906,1
20160524,27350,27350,26700,26850,2428278,0
20160523,26800,27450,26650,27200,4534043,1
20160520,26600,26650,26250,26300,2245019,0
20160519,26750,26900,26400,26600,4367007,1
20160518,25800,26400,25650,26200,2474774,0
20160517,26250,26300,25900,25900,1545947,0
20160516,26100,26300,25900,26100,1337159,0
20160513,26100,26250,25900,26100,1849910,0
20160512,26050,26250,25850,26100,1759282,0
20160511,26500,26550,26100,26200,1735332,1
20160510,25750,26400,25750,26400,2564593,0
20160509,26150,26550,25700,25750,5291220,1
20160504,27450,27500,26500,26650,4388484,1
20160503,27950,28100,27650,27650,1373116,1
20160502,27950,28300,27750,27850,1306092,1
20160429,27700,28250,27500,28150,2878692,0
20160428,29100,29150,27850,27900,6766879,1
20160427,29300,29750,29000,29150,6213757,1
20160426,27550,29200,27550,29150,7750203,0
20160425,27650,27800,27350,27500,1506644,0
20160422,27450,27800,27350,27500,1556764,0
20160421,27700,27950,27500,27550,2999400,1
20160420,27500,28000,27500,27550,3231788,1
20160419,27500,27550,27350,27450,1843729,0
20160418,28000,28150,27200,27200,3861103,1
20160415,27450,27800,27350,27650,2785108,0
20160414,27600,27850,27250,27250,4761215,1
20160412,27200,27550,27100,27150,1850577,0
20160411,27600,27700,27150,27150,2425426,1
20160408,26950,27800,26900,27800,3718690,1
20160407,27450,27450,26750,26900,4588396,0
20160406,27550,27850,27450,27500,2410844,1
20160405,27900,28100,27600,27850,2032745,1
20160404,28100,28150,27800,27900,2823088,1
20160401,28450,28500,28050,28200,2991431,1
20160331,28700,28850,28000,28150,4336581,1
20160330,29150,29500,28650,28650,3512889,1
20160329,28850,29150,28700,28900,2343876,0
20160328,29000,29050,28150,28550,2795412,0
20160325,29450,29500,28900,29150,1978956,1
20160324,29850,29900,29350,29450,3587082,1
20160323,30100,30450,29850,30250,1868041,1
20160322,29700,30200,29550,30200,2546366,0
20160321,29800,29850,29300,29550,1783055,0
20160318,29500,29900,29250,29450,2864640,1
20160317,29350,29750,29100,29250,2768278,0
20160316,29900,29950,29050,29200,2902896,1
20160315,30350,30550,29750,29900,2078857,1
20160314,31100,31100,30250,30350,2062549,1
20160311,29900,30850,29900,30700,2117430,0
20160310,30550,30650,30150,30300,2734070,0
20160309,29900,30550,29650,30550,3503375,0
20160308,31200,31500,30300,30500,4616147,1
20160307,32150,32250,31500,31900,3487206,1
20160304,31800,32100,31550,31900,1913316,0
20160303,31550,32000,31100,31950,3898363,0
20160302,31050,31300,30650,30950,3567312,0
20160229,30800,30900,29600,30000,2989861,0
20160226,31000,31100,30450,30800,1282277,1
20160225,31400,31500,30650,30800,2527297,1
20160224,31050,31250,30600,30900,3480563,0
20160223,30100,30600,30000,30400,2123648,0
20160222,29400,30000,29400,29900,1366180,0
20160219,29950,30050,29250,29600,2336536,1
20160218,30550,30850,29800,30200,2972873,1
20160217,29250,30300,29150,30050,6106318,0
20160216,27850,29000,27800,28900,3851681,0
20160215,27750,28200,27500,27700,2162111,0
